Param_1,Param_2,Evaluation,Purity,Recovery,TAC_CC,Capex_tot,Opex_tot,Variable_Opex,Fixed_Opex,TAC_Cryo,CO2_emission,C_compressor,C_cooler,C_membrane,C_expander,O_compressor,O_cooler,O_membrane,O_expander,O_heater,Penalty_purity,Penalty_CO2_emission
0.2255497833977358,4.403633258968959,80233892.11661044,0.8800731622238431,0.2562444036680062,18997344.78143991,57429129.31284147,16077110.964864079,13158108.048804998,2919002.9160590805,48777.35093375862,605372.7895740896,32212542.034752704,5902508.765763938,20507851.77693803,11377597.003067795,9286780.098420633,3953874.185295827,3417975.2961563384,-2312783.2889496847,-1187738.2421181137,699268.3777615683,60537278.95740896
0.9491301731660693,8.298037861942213,78291550.61915436,0.928909901747641,0.33769809857463895,24173216.659531504,66042019.1813073,20822338.349532377,17699520.007625923,3122818.341906456,48777.35093375862,539074.3297709926,37160627.45556281,7527382.184476349,25716710.287794486,10094051.189078184,12203096.675961336,4606235.788558077,4286118.381299081,-2255298.972458071,-1140631.8657344978,210900.9825235897,53907432.97709926
0.4862268856755009,3.1430516374723596,74820346.14966044,0.8657618823807179,0.34590593614002574,20738601.12389276,60087070.89238688,17685470.228339657,14703569.782742212,2981900.4455974437,48777.35093375862,532393.6384957485,34010542.866678655,6274964.627428734,22003512.781982474,10951250.491115354,10231918.362348553,4192120.706411286,3667252.1303304126,-2246942.838844094,-1140778.577503944,842381.1761928202,53239363.84957485
0.33444412978061877,4.768003132293316,80356549.5048101,0.8860054017760274,0.2592962389899974,19427725.796870567,58200405.278515376,16468928.182011038,13531673.79150025,2937254.390510788,48777.35093375862,602888.777256998,32620642.323720697,6038480.757494864,20982868.65913193,11298617.912495896,9522747.444171995,4004004.073510954,3497144.776521988,-2308372.1493028807,-1183850.3534018043,639945.9822397258,60288877.7256998
0.018164076696919773,2.760380328521587,79011592.4913607,0.8488937414560465,0.2664550303156782,18294335.187405307,56083734.5162569,15441371.110658702,12554205.617066,2887165.493592703,48777.35093375862,597061.9471851585,31424982.578541867,5651639.133353427,19955636.763986282,11328336.251113927,8853320.22801185,3855780.2619364993,3325939.4606643803,-2305716.147256798,-1175118.1862899326,1011062.585439535,59706194.71851585
0.34071866921501825,3.3558128280980006,76518277.74541941,0.8680211701805032,0.31502870700401614,19945902.916896716,58839209.32041743,16955165.099942084,14002794.050583728,2952371.049358358,48777.35093375862,557525.8653032773,33226108.46912073,6083734.806366097,21257652.325793136,11151753.787221082,9798811.344538901,4087445.778463737,3542942.054298856,-2269678.504959383,-1156726.6217583835,819788.2981949678,55752586.53032773
0.5874715683649002,1.8764788315107093,69716478.35599086,0.823579520747903,0.42721099227641196,21830657.382954814,61554485.2917427,18704155.76743392,15687530.427490119,3016625.3399437997,48777.35093375862,466216.16180515074,35053705.28340127,6376705.895119648,23010161.684338465,10588332.73610517,10800580.50171182,4332207.220770225,3835026.947389744,-2181787.938903339,-1098496.3034783308,1264204.7925209699,46621616.18051507
0.505113866266895,4.868030216160336,79139184.62291873,0.8912536027933725,0.2851238033566229,20365052.947589807,59767177.485366985,17327916.722387698,14353586.234373974,2974330.488013725,48777.35093375862,581866.6770326264,33558822.652483866,6300465.980868382,21889066.19744142,11101997.116957996,10040304.854607029,4126040.518682159,3648177.69957357,-2290693.1228479925,-1170243.7156407933,587463.9720662744,58186667.703262635
0.7395092822803547,7.879223503511146,81461016.45076264,0.9188787111795164,0.27121152643320556,21830759.318938103,62479732.76737216,18657995.329635736,15619474.933428641,3038520.396207095,48777.35093375862,593190.4424361971,34878553.44098124,6841349.817020231,23573888.748754542,10862899.896905264,10872599.5782436,4293812.239071587,3928981.458125757,-2301567.9098292235,-1174350.4321830822,311212.88820483594,59319044.24361971
0.8763267894239355,9.503855706274042,81256020.77150479,0.9306564192078337,0.2910299904170122,23356645.73539044,65015570.47795164,20057089.8605591,16958561.40076885,3098528.4597902475,48777.35093375862,577059.3922819268,36312780.93886004,7330278.889863142,25100105.234674945,10504465.33645238,11739329.866347956,4482101.744361792,4183350.872445824,-2285205.2219079095,-1161015.86047881,193435.8079216625,57705939.22819268
0.767188269638385,2.830740064594284,71533056.03369994,0.8617126816439131,0.40620278830991297,22318623.90053939,62461604.407998644,19146766.3292057,16108674.922494818,3038091.4067108803,48777.35093375862,483315.5894959968,35530785.063036166,6657639.7289237315,23521710.32651043,10424460.085695311,11101910.923849605,4401230.262975421,3920285.054418405,-2203322.109865445,-1111429.208883167,882873.1835608683,48331558.94959968
0.2215110695152709,4.852289684964756,81323914.62613551,0.8840668903952583,0.24035495055349532,18833997.657857005,57207089.9050317,15924865.81167166,13011117.23615899,2913748.57551267,48777.35093375862,618305.8587223109,32011878.125945922,5880924.951236535,20421189.43341456,11415862.718196234,9198203.95148132,3926887.8102939995,3403531.57223576,-2322675.785772992,-1194830.3120790955,659331.0960474163,61830585.87223109
0.9153304334004734,4.929835772092556,74227190.49062984,0.9024238971611798,0.38051023915550786,23328649.92491425,64291877.969202325,20065278.67552037,16983875.67525717,3081403.000263204,48777.35093375862,504227.7953732739,36460834.700098276,7116313.4595782645,24650601.099296607,10137770.655113723,11702086.841597892,4523316.490168965,4108433.5165494345,-2226182.872604759,-1123778.300454366,475761.0283882019,50422779.53732739
0.9364069701715748,4.605654430475823,73281702.00975472,0.8991738480732197,0.39434968206707116,23477109.238435313,64419021.32175711,20207380.821413696,17122969.100855637,3084411.72055806,48777.35093375862,492963.31252051605,36612115.52800785,7138761.284169366,24753621.226720084,10015997.203976022,11783101.883124882,4549145.557473899,4125603.5377866807,-2217075.922532599,-1117805.9549972278,508261.51926780306,49296331.25205161
0.5170950088090028,3.2791668658744344,74819092.78257313,0.8697723338205797,0.34702579488026214,20868602.107635472,60323657.70383878,17803641.87150977,14816142.835606132,2987499.035903641,48777.35093375862,531482.1401314347,34139691.96593955,6326545.555044727,22130948.28933922,10931461.172818756,10307983.582499145,4212893.513737534,3688491.3815565365,-2250246.4003910916,-1142979.2417959948,802276.6617942023,53148214.013143465
0.9847770175590792,3.2039849684238746,70001170.64375427,0.8746957326147052,0.4398280199668727,23653462.751069933,64254780.53395334,20391946.373438507,17311421.246883035,3080525.1265554717,48777.35093375862,455946.65218831383,36805579.154982775,7062913.388152776,24840390.880753115,9611418.339903092,11868655.69268805,4584073.256972052,4140065.1467921855,-2183888.5717982985,-1097484.2777709565,753042.6738529472,45594665.21883138
0.9640557442439476,8.357766206058871,77845658.34153372,0.9303241134301322,0.3459397250905922,24412285.845735777,66378490.40969157,21044583.97431744,17913803.377262495,3130780.5970549416,48777.35093375862,532366.1363009926,37398894.58540997,7606857.150143543,25911712.369092498,9991432.576821528,12343875.599087037,4643124.25832596,4318618.728182083,-2253174.755403887,-1138640.4529286944,196758.8656986774,53236613.63009926
0.7426352824458473,3.0240186824841997,72274268.201776,0.8666018817285082,0.39437981521089494,22146408.42557437,62245134.49304029,18985374.349988595,15952405.48734529,3032968.862643305,48777.35093375862,492938.78593486716,35366335.02423744,6635444.1852063835,23364842.889222793,10504117.421588294,11009967.275877832,4378256.626939484,3894140.481537132,-2212610.3642799174,-1117348.5327292415,833981.1827149179,49293878.59348672
0.8803111796772957,8.110688531958932,79566930.01941228,0.9249893036989816,0.3116481324271852,23289077.875567086,64750810.3107843,20002760.00909411,16910496.83389971,3092263.1751944,48777.35093375862,560277.45180835,36303157.178496286,7263410.3026193,24919460.98910077,10438885.14474652,11696042.859475527,4485895.812462881,4153243.498183462,-2272035.2110747774,-1152650.125147384,250106.96301018377,56027745.180835
0.8355677422845021,4.313250880000693,74206000.74033087,0.8927556886860779,0.37371571197886305,22657744.016433734,63236494.459604226,19447141.94251976,16390713.537627688,3056428.4048920744,48777.35093375862,509758.1361075792,35830371.70950348,6891598.227218967,23965799.210411027,10391341.347119257,11315116.629836723,4439153.478262031,3994299.868401838,-2230364.3570604874,-1127492.0818124174,572443.1131392205,50975813.610757925
0.2947958824551761,5.854664229208037,82806073.82445413,0.8931676829907672,0.22252907935829205,18956244.960451603,57523669.77473909,16031284.120780889,13110043.999231463,2921240.121549426,48777.35093375862,632815.056939102,32066759.781837314,5957808.002368672,20678619.61444266,11412547.771244425,9267324.766411243,3931388.072041716,3446436.6024071104,-2333219.2804727876,-1201886.1611558204,568323.1700923275,63281505.693910204
0.07020662061769534,3.613923275207604,81365773.34431314,0.8651228493550431,0.23220959155084078,18023432.221263014,55756734.29482762,15186818.155587872,12307390.795235071,2879427.360352801,48777.35093375862,624935.6961660056,31076146.398499638,5646904.483196065,19842747.35013178,11396215.16306567,8712051.117470037,3812334.691802967,3307124.558355297,-2330838.059234633,-1193281.5131585973,848771.5064495682,62493569.61660056
0.15992634757560653,7.862122072538521,86470160.60309911,0.8977484376812248,0.16397293523430945,17900017.66085179,55823204.7640323,15060080.071716417,12179079.754180357,2881000.31753606,48777.35093375862,680476.2731905957,30830085.342688985,5723933.495281211,19869570.79516716,11619444.771604858,8692460.015159113,3779348.7394374814,3311595.13252786,-2372364.784177697,-1231959.3487664005,522515.62318775145,68047627.31905957
0.4419763218196846,6.447640285133184,82696253.50569373,0.9008789348989088,0.2319942188749419,19693943.18409006,58836153.88397139,16703358.138957728,13751059.393447429,2952298.745510299,48777.35093375862,625110.9967059277,32786929.11580414,6185514.5407630205,21455923.288258035,11287158.16506989,9675266.125767747,4021365.161697259,3575987.2147096726,-2326223.428620552,-1195335.6801066974,491210.65101091156,62511099.67059276
0.43003324881139415,2.9555100765292193,74516656.78096147,0.8611776053072914,0.347964359608626,20556612.403757054,59762322.3005531,17519718.93779564,14545503.342875348,2974215.594920289,48777.35093375862,530718.2043027733,33847302.93243955,6209959.720479321,21786685.988799572,11000485.30994665,10131607.027026191,4173083.7144835102,3631114.331466595,-2248391.819768984,-1141909.9103319668,888223.9469270859,53071820.43027733
0.09406351646360678,7.994962196790765,88138918.50544858,0.8940302427095229,0.13398751030344785,17090958.487310715,54444134.54480445,14319974.409136733,11471608.40926848,2848365.999868253,48777.35093375862,704882.6244523311,29756198.099626772,5548545.682085142,19436602.029853366,11620736.688496321,8214491.055898828,3658149.4984025853,3239433.671642228,-2397505.1102319853,-1242960.7064431799,559697.5729047704,70488262.4452331
0.5465511311848358,1.3539295124822144,71797008.8066929,0.7857688182714566,0.3970750044180023,21080190.756516505,60409893.10586248,18010918.75028962,15021379.03983249,2989539.7104571303,48777.35093375862,490745.06232890964,34140046.50152617,6132003.471291901,22847283.32884203,10514426.214014245,10315609.154677793,4195030.711233045,3807880.554807005,-2194693.5348653975,-1102447.8460199558,1642311.8172854334,49074506.23289096
0.7798013286981494,1.4189641410416853,71488882.90683305,0.7905377349031092,0.40777391256805134,21690581.470071957,61320455.9819367,18575781.320041362,15564694.049684811,3011087.2703565503,48777.35093375862,482036.78785792197,34714547.98709185,6303956.399007964,23548517.762439005,10176624.57920615,10655282.130171008,4270119.355814579,3924752.960406501,-2186997.6885199337,-1098462.7081873445,1594622.6509689076,48203678.785792194
0.15260136341067065,9.110866999758935,87748778.10272539,0.9009487233583239,0.145431239652767,17701454.350868754,55525868.02572437,14876383.598648775,12002419.457688034,2873964.140960742,48777.35093375862,695568.1098543986,30545147.05988074,5694932.4637186425,19776194.058330063,11664336.3794294,8586028.704145554,3746701.6975572244,3296032.3430550103,-2384913.147787088,-1241430.1392826664,490512.7664167608,69556810.98543987
0.6745586806233806,4.718424128390418,77056488.42932105,0.8940135497843277,0.3240666222073601,21479669.903746866,61527007.530781254,18354542.176274043,15338567.070065636,3015975.106208408,48777.35093375862,550169.5402341746,34670672.28600413,6596968.045805772,22914687.797542583,10813084.762728456,10658623.319525618,4276046.7717550965,3819114.6329237637,-2264242.1154587977,-1150975.5386800428,559864.5021567228,55016954.02341746
0.4251578978120374,9.004645795027784,86117870.88901164,0.9105504742215019,0.1836028002324906,19273502.49264217,58306027.20778451,16309423.781319184,13369669.953474171,2939753.827845013,48777.35093375862,664498.7313858449,32210353.852486253,6140639.185208634,21302709.90010334,11415649.530824617,9449795.70593843,3946168.126694926,3550451.650017224,-2358699.5214701174,-1218046.007706291,394495.2577849803,66449873.13858449
0.04900979148987272,3.258340974338997,80464734.32561731,0.8592867210532215,0.2451311558420866,18115770.348036796,55859447.25128775,15274020.634538647,12392162.674784174,2881857.9597544735,48777.35093375862,614418.3118811273,31200832.664629187,5646312.551303196,19869702.942939512,11370362.298063338,8759862.913861293,3827832.8522715117,3311617.1571565853,-2320941.492430297,-1186208.756074919,907132.7894677849,61441831.18811273
0.04548797315686104,9.056313933849554,89163422.99939346,0.8951918750991561,0.11739342754109718,16776419.73071512,53899603.59265273,14032662.200148726,11197181.980732191,2835480.219416534,48777.35093375862,718389.220196699,29349806.773535028,5478211.663924623,19190376.52370492,11679957.492076458,8044979.724598862,3613380.761859102,3198396.0872841533,-2407991.616234508,-1251582.9767754197,548081.2490084385,71838922.0196699
0.9991323006882086,2.2397095834105034,68097531.82511678,0.8425231851919327,0.46677314008049836,23621270.867130484,63904116.028770775,20377287.714758184,17305060.713053353,3072227.0017048316,48777.35093375862,434014.92809905624,36753316.63151166,6912725.595558691,24874476.007988594,9352357.746004703,11824987.69258315,4570582.662665715,4145746.0013314327,-2154878.840103957,-1081376.8034229889,1074768.1480806726,43401492.809905626
0.8189220806207419,6.465804310452425,78291518.91089186,0.9135408578264959,0.31975759912008717,22559244.63229644,63439146.491286606,19338509.95679835,16277285.994228542,3061223.9625698063,48777.35093375862,553676.8285686038,35656649.72133906,6988525.718246777,24101763.614235654,10579184.47420891,11275234.144162178,4403646.954476451,4016960.602372609,-2267502.7867823434,-1151052.920000351,364591.421735041,55367682.856860384
0.7186905402747424,9.98265283861927,84324701.57730594,0.925178679857327,0.23213709617317857,21577018.067005124,62243547.6053621,18416063.33580326,15383132.02526997,3032931.310533289,48777.35093375862,624994.7030887408,34520348.46697822,6825987.127049375,23536691.82802061,10985777.83711689,10733978.05945569,4239547.826725094,3922781.971336768,-2323836.806065323,-1189339.0261822592,248213.2014267291,62499470.308874086
0.3743948719047979,8.878477118482364,86340597.09587795,0.9083304490145078,0.17731901028009214,18962565.34432485,57754163.72080594,16026079.807350794,13099385.277061641,2926694.530289152,48777.35093375862,669613.3624169816,31890034.367391326,6049236.375512548,20993110.4145453,11464303.620561294,9276855.950716412,3907354.364490105,3498851.73575755,-2362110.7489380133,-1221566.0249644117,416695.5098549219,66961336.24169816
0.8821866514399346,2.207658187175986,68987761.84536868,0.8404191290164474,0.4487883806675803,23026607.948675863,63337650.77814451,19810948.058834877,16752125.890820865,3058822.168014012,48777.35093375862,448653.4518685731,36181845.07555798,6747767.841114066,24245599.175749216,10027198.074284667,11478567.413486797,4489307.458114828,4040933.1959582027,-2167383.7940202863,-1089298.3827186783,1095808.7098355251,44865345.186857305
0.16626870736253418,1.7813067229374753,74647986.98493612,0.8150858961843079,0.3394442553073245,19533539.735180937,57971170.94407913,16586203.837043218,13654374.04782253,2931829.7892206884,48777.35093375862,537653.0621159825,32697813.03357054,5841469.822133165,21103204.786847584,11018707.745727265,9503763.019568244,4011930.226577766,3517200.797807931,-2245248.8613479,-1133271.1347835122,1349141.03815692,53765306.211598255
0.09307755931296424,7.802415163161425,87968497.1865347,0.8933788277691589,0.13640316847101985,17110643.216645814,54471557.8458921,14338287.97341745,11489273.028552258,2849014.944865191,48777.35093375862,702916.4224758048,29788885.43863008,5549454.582291868,19442201.176511675,11614967.628244482,8224765.573298516,3660977.2936211433,3240366.862751946,-2395586.6698368615,-1241250.0312824845,566211.7223084107,70291642.24758048
0.13108930383383544,8.228773346037116,87002796.67351875,0.8978922042320634,0.15502223887650993,17705557.98479953,55493254.82051167,14882117.892840188,12008925.5107676,2873192.382072588,48777.35093375862,687761.6073103985,30600557.46833149,5677431.117261646,19710050.032484896,11652819.031429214,8586749.540768396,3752384.941377284,3285008.3387474827,-2378386.4139012005,-1236830.8962243623,521077.9576793656,68776160.73103985
0.4920545685367802,2.2920919951743284,71882444.18190204,0.8415784060449062,0.3901848044397508,21162900.739391264,60588260.68268811,18084710.354323097,15090949.753527965,2993760.6007951316,48777.35093375862,496353.2750295984,34434671.60945383,6280257.237385501,22329895.61032943,10806347.71365391,10448374.765392229,4249484.40670044,3721649.2683882383,-2211277.3776780004,-1117281.3092749408,1084215.9395509376,49635327.50295984
0.8072545684567696,2.255068672133718,69559455.17608103,0.8425669373663638,0.43690751757252316,22652747.8178646,62835722.75896586,19462184.328982547,16415239.78561438,3046944.543368168,48777.35093375862,458323.7673188008,35836774.38525259,6659966.331525043,23847509.499467082,10246358.717944352,11271631.004963778,4442801.344522951,3974584.916577847,-2177942.02779951,-1095835.4526506872,1074330.6263363617,45832376.731880076
0.9804833512290385,8.4689058189079,77725812.81572378,0.9310360875722511,0.3500702271778187,24635758.34788334,66665372.81806159,21253712.3560465,18116142.973679893,3137569.3823666098,48777.35093375862,529004.1534356296,37605676.420021445,7670334.815505352,26141795.07886572,9840772.003329137,12472097.839874445,4669111.892539478,4356965.84647762,-2247190.807330499,-1134841.7978811492,189639.12427748865,52900415.34356295
0.6245967037993251,7.109491001940193,81853280.67177391,0.91095469441693,0.25578166734527374,20887884.67591532,60880047.38297582,17795104.95583277,14794439.514562028,3000665.44127074,48777.35093375862,605749.4294002788,33967076.995818734,6545060.406240066,22638157.248926803,11056537.008941028,10340818.727598928,4173771.592500704,3773026.208154467,-2310731.2082956475,-1182445.8053964244,390453.05583069957,60574942.940027885
0.07983091760912608,2.757019798897713,78817692.11756556,0.84909755945866,0.2711857842424679,18487528.207415294,56410972.99018087,15618202.206972491,12723292.942132851,2894909.2648396404,48777.35093375862,593211.3950473687,31615334.026108943,5701197.351467654,20162990.54109388,11279944.546948519,8956712.2285515,3877406.6764536384,3360498.4235156463,-2300336.3064191407,-1170988.0799687926,1009024.4054134001,59321139.50473687
0.28431374368359763,3.4426876764443435,77243203.48422807,0.8682884701858833,0.30230687406723744,19638020.170790885,58345922.54585468,16671946.69256439,13731248.781439286,2940697.9111251053,48777.35093375862,567880.6801529602,32914272.0328073,6008802.920807225,20975222.604571782,11219683.431001985,9630099.654082455,4045933.791720576,3495870.434095297,-2277985.151340357,-1162669.9471186837,817115.2981411667,56788068.01529603
0.4203532899481859,4.576265235936583,79223929.14326909,0.8862463983303093,0.2795224245421477,19943806.52534048,59034206.32594837,16943318.8581093,13986333.399612058,2956985.4584972425,48777.35093375862,586425.866012317,33153687.456664063,6168847.205416576,21447519.00022582,11186878.030753227,9806067.901353195,4073754.21614525,3574586.5000376366,-2294517.2502895193,-1173557.9676345072,637536.0166969069,58642586.6012317
0.20009755946940755,4.013600691220599,79461157.51352715,0.8749103122980765,0.2665558579220914,19012272.685062002,57392422.911376745,16093874.188559406,13175739.892784586,2918134.2957748193,48777.35093375862,596979.8795144592,32249543.632485304,5881678.653899353,20463869.668811657,11360666.107022125,9291208.07558685,3958371.4479043437,3410644.9448019424,-2303445.023624577,-1181039.5518839713,750896.8770192348,59697987.951445915
0.11540046391749514,3.848073290316012,81774946.94410554,0.8689416048768074,0.22752325676844626,18089353.61647998,55900646.84654883,15245543.92321878,12362711.016242048,2882832.9069767315,48777.35093375862,628750.0937639363,31122461.18681074,5679437.699688587,19952308.934410166,11383220.918721255,8748245.375008192,3817724.726457823,3325384.8224016945,-2333537.5595914605,-1195106.3480342007,810583.9512319257,62875009.37639363
0.36751459708360057,1.3240782582261188,72034736.23375966,0.7837799633881667,0.3889728159845454,20638559.717776816,59703480.82836798,17604608.325424656,14631785.155102156,2972823.1703225,48777.35093375862,497339.7614986451,33725997.28842802,6012852.413039426,22335584.585516088,10698277.657082004,10073607.698792454,4141680.191945299,3722597.4309193483,-2200638.989445794,-1105461.1771091528,1662200.3661183326,49733976.14986451
0.9442557987548651,7.258976197837047,77118179.95138481,0.9231270137889623,0.3500826675548748,23950047.31836289,65565884.83500201,20622975.725679033,17511424.626943544,3111551.0987354876,48777.35093375862,528994.0277091154,36983790.33682044,7420431.517691383,25423173.453429587,10091014.544441152,12071254.101739649,4586526.151391666,4237195.575571598,-2247535.8693005317,-1136015.332458836,268729.8621103762,52899402.770911545
0.5702846516408081,1.646704102695967,72821500.13880189,0.8078560368981763,0.3792461522199849,20874391.817326438,60119398.20657725,17819644.556063816,14836979.116903372,2982665.4391604443,48777.35093375862,505256.6869045722,33972600.00633502,6156451.851468282,22580209.721713062,10570413.026306955,10225841.494246237,4176452.965449998,3763368.286952177,-2214345.2957031764,-1114338.334041863,1421439.6310182365,50525668.69045722
0.6907968321068113,3.5502430651686456,74146761.4260127,0.8773580662952277,0.36518944293259864,21750540.923336618,61747136.685681604,18614406.738118775,15593222.495588807,3021184.2425299697,48777.35093375862,516698.0116562835,34977156.82049959,6583523.807006236,23030525.560454622,10672522.644125856,10798023.746435191,4323078.085738842,3838420.9267424373,-2234639.3025947106,-1131660.960732954,726419.3370477223,51669801.16562835
0.7886324603884405,3.518121473028688,73016271.7437612,0.878528011484571,0.3864897593525347,22365469.677217524,62662477.85738795,19183568.433414366,16140723.557397138,3042844.8760172287,48777.35093375862,499360.8218138938,35569210.44900934,6745715.740577722,23612817.013531405,10451697.116722131,11141272.923502931,4405808.645121191,3935469.5022552344,-2220139.8990189126,-1121687.6144633025,714719.8851542891,49936082.18138938
0.7151489127616097,2.158245926385605,69993405.98138535,0.8375024640019554,0.42703610811232867,22232579.91078535,62209701.40719593,19073317.489491794,16041187.11539191,3032130.3740998846,48777.35093375862,466358.50710619544,35438810.66871214,6533459.825514353,23425058.24878502,10430221.306317013,11033665.590838,4385811.787723054,3904176.374797503,-2183156.8855560585,-1099309.752410591,1124975.3599804458,46635850.71061955
0.9665373275892984,4.133274336049021,71905413.87326431,0.8931093537889837,0.41432410283424276,23665975.128492996,64537759.41410386,20390309.806854043,17303088.26807869,3087221.538775354,48777.35093375862,476705.3228266115,36810045.55595464,7156843.400737333,24886387.368468463,9811949.05524,11889406.68559046,4581484.393341394,4147731.2280780775,-2205392.915604814,-1110141.1233264282,568906.4621101625,47670532.282661155
0.1061929768234725,7.4086223646537,86201320.84807453,0.8945363766290954,0.16532784152975386,17709338.603806976,55456514.283172205,14887735.538714606,12015412.584717618,2872322.953996987,48777.35093375862,679373.460105585,30656924.963293523,5658758.329023141,19638279.63876547,11642111.591823816,8587796.023704316,3758593.591020259,3273046.606460911,-2371825.213207623,-1232198.4232602455,554636.233709046,67937346.0105585
0.5027346722739905,5.755274085484599,80884441.50504802,0.8988311401000303,0.2606674437689549,20195483.088404432,59602211.04918294,17166595.185011525,14196168.46274366,2970426.7222678657,48777.35093375862,601772.6981764389,33341771.45670656,6298531.058952474,21839186.415042005,11169785.043466927,9951503.640841387,4095740.049029714,3639864.4025070006,-2308461.9553359086,-1182477.6742985335,511688.59899969667,60177269.817643896
0.14109620173965198,6.271594194532208,84458650.95796922,0.8910750461787721,0.19181523686139337,18087971.745094977,56050585.88179006,15236665.100071713,12350284.035765033,2886381.06430668,48777.35093375862,657814.2967466197,31134015.561950486,5731453.647801229,19887860.834415246,11566859.735011013,8792521.615587506,3815907.5856645447,3314643.472402541,-2354163.0551449824,-1218625.582744576,589249.5382122786,65781429.67466197
0.973806917664118,4.977527873067993,73251466.87773488,0.9048362041379515,0.3987887100561956,23864808.12577081,64966328.22156324,20567714.363758888,17470351.172723815,3097363.1910350723,48777.35093375862,489350.20793343586,36978817.365014955,7273513.269923975,25142090.023770228,9793188.240051137,12010139.740271434,4599968.044505673,4190348.337295038,-2214543.359746799,-1115561.5896015314,451637.9586204844,48935020.79334359
0.2567982733756575,7.200590608031021,85072668.6160486,0.8992431576319364,0.1884140197222164,18506831.685481396,56854446.622778244,15615332.003408723,12709928.378527299,2905403.624881424,48777.35093375862,660582.6850688658,31513040.23012071,5877499.798390385,20395640.623886492,11513836.857683487,9023509.25915868,3861891.8135228306,3399273.4373144154,-2355917.7011404093,-1218828.430328218,507568.42368063546,66058268.50688658
0.9534800555468284,6.268587607604221,75605263.94764316,0.9165074013862968,0.3686953103723779,23885893.53972791,65291744.317955,20572528.9728964,17467465.135356314,3105063.8375400873,48777.35093375862,513844.4442177821,36957886.866518825,7351831.5236505065,25280035.59228432,9994505.354708366,12030151.635751057,4587138.311692746,4213339.265380721,-2234919.004405495,-1128245.0730627158,334925.9861370313,51384444.42177821
0.2808346823070723,8.62599335445545,86719163.34469715,0.9036463067571433,0.1666079487142964,18422473.50776293,56798761.39280672,15533758.087188836,12629672.197589457,2904085.889599378,48777.35093375862,678331.5290450564,31334773.952862993,5885761.858195865,20463428.309158146,11548178.533255536,8980443.170699043,3835798.5979319233,3410571.3848596914,-2370408.450310639,-1226732.5055905618,463536.9324285665,67833152.90450564
0.574926181389195,7.741742493246682,83267719.18114871,0.9121563942570092,0.2329607794391009,20456855.730404086,60228302.966294475,17396663.2311556,14411420.669761209,2985242.561394393,48777.35093375862,624324.2739331472,33498590.371419325,6445031.833734954,22300228.552962344,11168568.113171257,10102988.823706739,4111666.4706261894,3716704.758827057,-2326242.0776331415,-1193697.3057656342,378436.05742990726,62432427.39331472
0.8367754840413871,6.3019885796948385,77741042.12178075,0.9130127147569571,0.3285758345793479,22721238.29569205,63658790.92975841,19489521.39827037,16423099.769708566,3066421.6285618027,48777.35093375862,546499.3097365828,35822188.48831606,7026492.797027833,24230656.450776786,10514510.909930458,11365899.891860463,4427509.817852132,4038442.7417961312,-2261689.2600000696,-1147063.421800092,369872.85243042844,54649930.97365828
0.3954579301257679,2.199030616999258,72008124.73705159,0.8379548503838534,0.3849005176098258,20822236.240278404,60021159.33419086,17772400.9226351,14792060.208150808,2980340.7144842925,48777.35093375862,500654.3700061172,34111977.631782554,6177833.241896506,21966814.11830624,10903306.023302069,10259166.989995424,4206803.719029031,3661135.686384373,-2215185.472298936,-1119860.7149590845,1120451.4961614653,50065437.00061172
0.09419956910447047,9.272278271092402,88130765.18115722,0.8992583308328783,0.13720667223627803,17397106.66621244,54978372.04780876,14599410.71288824,11738402.516748894,2861008.196139347,48777.35093375862,702262.4182327355,30209411.72822739,5610991.665270565,19484478.831897013,11708383.612328535,8420030.093230633,3707670.8960428606,3247413.1386495023,-2390344.3645033706,-1246367.246670732,507416.6916712164,70226241.82327355
0.20559614969247997,8.86377779325326,87258973.78804348,0.9023504667122443,0.15499765218956624,18004316.514140572,56061813.34200487,15152448.496106567,12265801.745181363,2886646.7509252033,48777.35093375862,687781.6194102535,30883838.159972932,5776582.2121088505,20055067.763340697,11618386.821181346,8751762.585716842,3786745.367442219,3342511.293890116,-2378941.9956350327,-1236275.5062327788,476495.33287755674,68778161.94102535
0.6218405445687176,1.002306491365549,70422128.56053947,0.7464055144239352,0.4270384178673862,21750520.994474087,61455369.457205586,18628975.170680046,15614695.307844734,3014279.8628353127,48777.35093375862,466356.6271030473,34677645.807511196,6169490.14649372,23788952.617087938,10272004.506126106,10630002.271932812,4258698.602996167,3964825.4361813227,-2156512.4484441006,-1082318.5548214687,2035944.8557606474,46635662.71030473
0.3904143850445352,8.013953814389792,85297772.00699002,0.905932983620376,0.19281693329434418,19157204.2964126,58043348.36135282,16206259.527411196,13272721.731788144,2933537.795623054,48777.35093375862,656998.9754678118,32140380.189581774,6083452.606133237,21107575.09498201,11417764.719734214,9382606.411703093,3938246.603945779,3517929.1824970017,-2352002.422874559,-1214058.0434831711,440670.1637962396,65699897.54678118
0.4395517029783549,5.813608797943461,81584888.88844717,0.8971619874111381,0.24729716819618955,19790978.08869027,58938600.57372845,16795270.709070086,13840547.665093375,2954723.04397671,48777.35093375862,612655.3067386828,32928304.4588719,6188601.370902676,21467322.921286866,11256168.867770704,9728360.033002416,4041550.7692003446,3577887.153547811,-2317802.9265151066,-1189447.3641420915,528380.125888619,61265530.673868276
0.7598413439589832,6.179599264922554,78713160.4083566,0.9095844808179873,0.3085981874938183,22033012.67037538,62595237.137236625,18854473.46257979,15813219.770964224,3041253.6916155675,48777.35093375862,562759.925461611,35151271.1041587,6827682.621168238,23593583.753924996,10724942.970065335,10977344.988340732,4335274.586961451,3932263.958987499,-2274891.099183496,-1156772.664141965,404155.19182012696,56275992.5461611
0.8940005375650192,7.68472035818817,78727472.88587639,0.9235178883519592,0.32363860104287867,23410859.370628238,64874677.73760734,20118348.13281411,17023153.75883137,3095194.37398274,48777.35093375862,550517.9239876774,36440406.071777724,7282380.616672825,24987952.211189087,10365157.010599434,11763842.932704851,4507220.854782334,4164658.701864848,-2264780.0828490793,-1147788.647671585,264821.1164804071,55051792.39876775
0.7285979572320196,9.137011491515118,83260360.24171594,0.9230036596347827,0.2468805170507658,21690953.240725968,62364937.58460039,18523929.01056219,15488125.127560204,3035803.8830019836,48777.35093375862,612994.435973378,34674208.96330431,6836456.247925994,23571402.68949779,10934699.887077477,10795929.023731451,4261416.605566182,3928567.1149162985,-2314659.059348912,-1183128.5573048166,269963.40365217254,61299443.597337805
0.8630462847895156,6.224176000353969,77165045.89179614,0.9133740668691734,0.33864588760262043,22968497.969343692,64012413.924229756,19719099.922198445,16644310.15909547,3074789.763102973,48777.35093375862,538302.8859114419,36067288.95581263,7092442.453833408,24444407.80179942,10420741.326823827,11505601.371194454,4462343.658076441,4074067.96696657,-2255195.608271762,-1142507.2288702326,366259.33130826516,53830288.59114419
0.9208218295833975,8.796789410481823,79439788.45194012,0.9302807725393822,0.3198116922402509,23879316.17851077,65704911.58530163,20545293.24831193,17430452.22055735,3114841.0277545783,48777.35093375862,553632.7999882316,36856778.74406584,7460972.506701864,25493301.402332045,10276817.229279373,12036391.582694963,4561548.314033563,4248883.567055341,-2267482.720772261,-1148888.5224542578,197192.27460617718,55363279.998823166
0.8311792301475145,4.382392099843144,74404185.78788877,0.8936161434032317,0.3707860463863661,22626076.268321544,63205963.647860676,19417000.73499475,16361294.811231775,3055705.9237629753,48777.35093375862,512142.70953599544,35797866.12351197,6887980.479312609,23945383.02783496,10410666.785994954,11297958.090889996,4434195.877176808,3990897.171305827,-2232756.8915402894,-1128999.4366005682,563838.5659676825,51214270.95359954
0.34842815600270816,4.622293709089169,79836873.98901623,0.8854745303501084,0.2672486482025915,19550020.346648563,58386069.917415954,16581939.499844003,13640291.541318271,2941647.958525731,48777.35093375862,596415.9894586876,32757557.7920928,6065072.682225479,21071100.36370264,11273185.875942603,9590342.376431441,4023257.5273226937,3511850.0606171065,-2304187.608148363,-1180970.814904608,645254.6964989159,59641598.94586876
0.3611324342122192,5.369799949412665,81354827.52559042,0.8920920067560012,0.24631385190039967,19430180.825173873,58280645.96911368,16467371.175784428,13528217.96957132,2939153.2062131064,48777.35093375862,613455.6676797656,32588072.343833815,6069403.047178101,21064857.621026613,11316082.205607519,9527422.348068997,3999261.226181209,3510809.6035044356,-2318435.626776614,-1190839.581406707,579079.9324399875,61345566.76797656
0.11673143496585314,2.0122552791250508,75751941.68705755,0.8261872758114011,0.32007135989496077,19171669.84798693,57415325.644546546,16252126.21482584,13333449.948773291,2918676.26605255,48777.35093375862,553421.4459718463,32343171.947819114,5789269.147593882,20735784.943487123,11115448.218162796,9315825.190300297,3969776.8860222744,3455964.1572478535,-2262934.1717815967,-1145182.1130155372,1238127.241885989,55342144.597184636
0.2644957218996705,4.779701297340889,80954306.63363807,0.884015101692155,0.24767774566402795,19059903.717503875,57582884.77495063,16131982.127822582,13209340.74250815,2922641.385314432,48777.35093375862,612345.5393305575,32243514.316007327,5938717.395050953,20635757.43911261,11369923.321503809,9320515.893494422,3955419.7845401242,3439292.9065187685,-2316145.019553014,-1189742.8224921487,659848.9830784493,61234553.93305574
0.05045950790177167,9.323990422790532,89344528.05386369,0.8959223363143161,0.11497764557447197,16768199.123178218,53891800.49991041,14024831.747248938,11189536.180219058,2835295.56702988,48777.35093375862,720355.5229382864,29325373.277125977,5480358.834567544,19199914.35408008,11683194.779535625,8040818.944688821,3611086.352534577,3199985.725680013,-2409621.954302427,-1252732.8883819277,540776.636856839,72035552.29382864
0.7803242472151022,7.378689041325534,80257568.14969839,0.9176337803051924,0.29076404087319874,22206320.014533762,63012963.563935675,19006894.485403217,15955755.715626244,3051138.769776974,48777.35093375862,577275.8593821656,35268966.98366635,6926530.167032303,23876840.02808836,10734310.98570894,11080183.221350979,4346465.582341152,3979473.338014727,-2286495.7956941086,-1163870.6303865062,323662.1969480757,57727585.93821656
0.6631079511779311,1.2541699921264517,71218988.08016822,0.7758424871219964,0.4106496907979728,21507805.397843502,61061505.60764883,18405952.766527303,15400993.2978279,3004959.468699402,48777.35093375862,479696.0755354469,34519777.11164688,6207034.960836776,23378913.139781766,10322286.30067468,10537354.060571173,4242173.884722615,3896485.5232969606,-2180309.5194781376,-1094710.6512847096,1741575.128780035,47969607.553544685
0.9111022377621801,2.915244082677723,70331340.78659314,0.8658509483891518,0.43070632719662005,23152733.549412638,63633309.10727818,19922290.743114967,16856472.116400335,3065818.626714631,48777.35093375862,463371.1672107202,36320467.95263604,6889497.826303192,24346682.651468746,10006140.362826644,11572619.621795258,4512897.631494863,4057780.441911458,-2186614.802311417,-1100210.7764898278,841490.5161084818,46337116.72107202
0.2328196709606809,8.871073777694832,87159278.96292657,0.9031256798126656,0.15785604090403565,18145029.649214156,56310661.033429,15280719.246608945,12388183.763913881,2892535.4826950636,48777.35093375862,685455.0611183908,31029227.008022558,5816283.333538616,20196958.224266067,11594727.42189055,8827771.592942126,3803524.4593326487,3366159.7040443444,-2375763.0142748673,-1233508.9781303697,468743.20187334396,68545506.11183907
0.4651174797254486,3.327779145312263,75697231.68071577,0.8684748602392792,0.33241089467561263,20544200.37629398,59814439.47880223,17504701.051420107,14529252.15559373,2975448.895826376,48777.35093375862,543377.7990681459,33810356.6363989,6237925.744118974,21856603.279505726,11003074.04168887,10126727.929886252,4161356.1478802552,3642767.213250954,-2255473.576547895,-1146125.5588758362,815251.3976072073,54337779.90681459
0.13176609803831796,5.6988847149842865,83588931.99991587,0.8874894859919991,0.2039736874854281,18172022.702947505,56149456.46908798,15315772.528559346,12427051.790674848,2888720.737884498,48777.35093375862,647918.0415688836,31262224.93304535,5734550.833291795,19900233.721739672,11543693.880415289,8837280.18118711,3831780.5730820913,3316705.620289945,-2346070.0879911524,-1212644.4958931447,625105.140080009,64791804.15688836
0.4777423292073373,8.558115970415752,85231628.49243173,0.9112059852795384,0.1993003521168348,19671502.503460974,58961035.71785767,16674673.366634328,13719419.417406945,2955253.9492273843,48777.35093375862,651721.8584176614,32645050.171403818,6243349.995967105,21644070.41075516,11335273.290179046,9667900.70594251,4000849.6329070344,3607345.0684591937,-2347197.6699509444,-1209478.3199508514,387940.1472046151,65172185.84176614
0.8810607421303215,2.4395778414703466,69525271.45612174,0.8499959843385365,0.4406404163714128,22996690.312894206,63338670.338471845,19780979.445036855,16722133.150147256,3058846.2948895977,48777.35093375862,455285.4098661291,36163816.31298221,6779813.549374526,24197821.77810552,10062201.270703167,11470706.542492814,4488907.550165632,4032970.2963509196,-2176103.1940501775,-1094348.0448119307,1000040.1566146344,45528540.98661291
0.9349205261560588,7.118653442574805,77158042.32383445,0.921821189647832,0.34807671510250215,23813578.85853471,65355476.05813244,20497027.704694327,17390455.71925468,3106571.985439646,48777.35093375862,530626.7536177805,36855133.673454344,7374287.863274097,25292119.96352185,10140400.603565803,11991672.989666464,4568754.8494271,4215353.327253642,-2248494.7515233993,-1136830.6955691273,281788.1035216796,53062675.36177805
0.4129903553514468,9.548214445190006,86703358.03416258,0.9118012702601063,0.17472290415211916,19148726.907401986,58124688.93750784,16193715.109592834,13258252.47057565,2935462.6390171857,48777.35093375862,671726.4382936165,32056646.061321463,6119910.83678764,21221001.824809283,11450760.10538429,9383490.352230512,3929096.754147645,3536833.6374682137,-2366915.6304578846,-1224252.6428128378,381987.2973989369,67172643.82936165
0.48976065385611334,7.182002780033546,83359876.16362393,0.9064926569946717,0.22570086425630975,19901461.452958513,59253044.770306125,16890031.863509446,13927867.812064923,2962164.0514445244,48777.35093375862,630233.4128061214,32957991.249651425,6269793.085953163,21731608.90532108,11264281.142050464,9792206.447289858,4042683.132452186,3621934.817553513,-2330940.0026730867,-1198016.5825575471,435073.4300532821,63023341.28061214
0.8791457229654853,5.586616957291845,75883647.16898596,0.9084961198867222,0.35627911649756067,23073559.661689103,64060451.52449788,19821759.73453045,16745833.20965473,3075926.524875718,48777.35093375862,523950.4870616408,36192457.75295164,7088512.256367344,24475941.05684904,10326522.615038555,11561132.76154096,4483412.88292546,4079323.50947484,-2243253.822794956,-1134782.121491573,415038.8011327777,52395048.70616408
0.29259852178479273,5.300031832855138,81797137.33023804,0.8892955606881728,0.236795713510961,19069806.35301227,57659716.32865244,16138043.18564589,13213583.658444658,2924459.5272012316,48777.35093375862,621202.865841075,32220066.91151755,5966062.771433133,20715627.172771312,11379805.775845889,9327985.400116775,3951618.290976391,3452604.5287952186,-2323622.1260579918,-1195002.4353857345,607044.3931182711,62120286.584107496
0.7815804088187746,7.401673878419503,80265860.79454842,0.9178188550147727,0.29079900181083457,22219309.01872737,63035361.182868555,19018763.60865018,15967094.82161878,3051668.787031402,48777.35093375862,577247.4032596877,35281035.23651735,6931058.984967623,23889981.60103678,10731872.851897914,11087648.263847068,4348023.596075492,3981663.6001727963,-2286423.9713644125,-1163816.6671121633,321811.4498522728,57724740.32596877
0.19646514328997788,9.260215070316749,87695365.14839497,0.9028057095083174,0.14839567982966703,17907899.04508364,55902193.260384955,15064012.031130629,12181142.529816879,2882869.5013137497,48777.35093375862,693155.2319839451,30755304.685749896,5756561.336013527,19992864.23943011,11634583.405866604,8698506.329834167,3771343.9079127763,3332144.0399050186,-2382112.7667132234,-1238738.9811218593,471942.90491682553,69315523.1983945
0.37884775414901173,9.693653287756197,87112958.06416008,0.910581006104979,0.16690803258152934,18910040.261498388,57702474.867757484,15976139.167176753,13050667.80190614,2925471.3652706137,48777.35093375862,678087.2786371148,31790997.838139914,6051731.21622416,21006311.95595593,11484640.104228573,9249170.729285708,3895330.0330629386,3501051.9926593215,-2368721.783771365,-1226163.1693304614,394189.93895020906,67808727.86371148
0.7972809510500241,5.982721197392657,77839291.74333343,0.9093188154002906,0.32334982205138507,22357182.607376765,63064922.643358216,19155159.124275096,16102790.794842666,3052368.329432429,48777.35093375862,550752.9728995956,35478555.22493369,6909065.344987264,23867024.241284266,10615336.396309873,11158708.66671834,4381300.15920827,3977837.373547378,-2265133.2703890116,-1149922.1342423093,406811.84599709377,55075297.289959565
